{"cameraMode":{"drawMode":0,"name":"Shaded","section":"Shading Mode"},"sceneLighting":false,"audioPlay":false,"sceneViewState":{"m_AlwaysRefresh":false,"showFog":false,"showSkybox":false,"showFlares":false,"showImageEffects":false,"showParticleSystems":false,"showVisualEffectGraphs":true,"m_FxEnabled":true},"in2DMode":false,"pivot":{"x":3.9144794940948488,"y":-46.740028381347659,"z":-6.945013523101807},"rotation":{"x":0.5471874475479126,"y":0.004608741961419582,"z":-0.003401818685233593,"w":0.8370375037193298},"size":13.949921607971192,"orthographic":false}