{"cameraMode":{"drawMode":0,"name":"Shaded","section":"Shading Mode"},"sceneLighting":false,"audioPlay":false,"sceneViewState":{"m_AlwaysRefresh":false,"showFog":false,"showSkybox":false,"showFlares":false,"showImageEffects":false,"showParticleSystems":false,"showVisualEffectGraphs":true,"m_FxEnabled":true},"in2DMode":false,"pivot":{"x":6.488377094268799,"y":-46.41259002685547,"z":-5.002368927001953},"rotation":{"x":0.5421658158302307,"y":-0.0004128149594180286,"z":-0.00012112853437429294,"w":0.8403181433677673},"size":25.109546661376954,"orthographic":false}